,stop,ttbar,w_jets,z_jets,ww,zz,wz
xs,241.17,504.696,146548.3,43029.27,65.50736,9.562416,24.69184
