,dLQ,sLQ,non-res
All,1.0,1.0,1.0
Maximum 1 light lepton,0.975175,0.961025,0.9655933333333333
At least 2 leptons,0.11301,0.182045,0.20219333333333334
Exactly 2 leptons,0.10966625,0.1781425,0.20094666666666666
semileptonic selection,0.064835,0.1050575,0.10932
non-resonant selection,0.00829,0.02990625,0.07800666666666667
DeltaR > 0.3,0.00829,0.02990625,0.07800666666666667
