,dLQ,sLQ,non-res
All,1.0,1.0,1.0
Maximum 1 light lepton,0.97874625,0.96273875,0.95798
At least 2 leptons,0.1054875,0.1797025,0.23225333333333334
Exactly 2 leptons,0.1021775,0.17565625,0.23064666666666667
hadronic selection,0.04328625,0.07375,0.10163333333333334
dLQ selection,0.018685,0.012375,0.0032533333333333333
DeltaR > 0.3,0.018685,0.012375,0.0032533333333333333
