,dLQ,sLQ,non-res
All,1.0,1.0,1.0
Maximum 1 light lepton,0.9794775,0.96370875,0.9569933333333334
At least 2 leptons,0.10487,0.1794375,0.23614
Exactly 2 leptons,0.101615,0.17527375,0.23455333333333334
semileptonic selection,0.05833375,0.10120875,0.13251333333333334
sLQ selection,0.02471,0.0557,0.03542666666666667
DeltaR > 0.3,0.02471,0.0557,0.03542666666666667
