,dLQ,sLQ,non-res
All,1.0,1.0,1.0
Maximum 1 light lepton,0.9685116666666667,0.9560766666666667,0.9624133333333333
At least 2 leptons,0.16158333333333333,0.22313166666666667,0.21449166666666666
Exactly 2 leptons,0.15661333333333333,0.217845,0.21323166666666668
hadronic selection,0.06696166666666667,0.09290166666666666,0.09495166666666667
sLQ selection,0.02789,0.05133666666666667,0.024418333333333334
DeltaR > 0.3,0.02789,0.05133666666666667,0.024418333333333334
